timestamp,symbol,best_bid,best_ask,bid_qty,ask_qty,spread,mid_price,imbalance,microprice,signal
1791363486097,ETH,2609.5,2609.6,1.2546,464.4043,0.09999999999990905,2609.55,-0.994611506405225,2609.50026942468,sell
1791363490965,ETH,2609.3,2609.4,10.5573,249.2569,0.09999999999990905,2609.3500000000004,-0.9187319245830289,2609.30406340377,sell
1791363496361,ETH,2609.2,2609.3,56.3657,199.9414,0.1000000000003638,2609.25,-0.5601705922309604,2609.2219914703883,sell
1791363501828,ETH,2609.1,2609.2,0.2461,323.1298,0.09999999999990905,2609.1499999999996,-0.9984779323381859,2609.1000761033833,sell
1791363507115,ETH,2608.7,2608.8,91.9851,159.0311,0.1000000000003638,2608.75,-0.2670982988348959,2608.7366450850577,holder
1791363512454,ETH,2608.7,2608.8,45.6632,178.8477,0.1000000000003638,2608.75,-0.5932206409577442,2608.7203389679526,sell
1791363517836,ETH,2608.6,2608.7,49.274,152.4023,0.09999999999990905,2608.6499999999996,-0.5113555732626986,2608.624432221337,sell
1791363523313,ETH,2608.6,2608.7,50.9615,148.6725,0.09999999999990905,2608.6499999999996,-0.48945069477143177,2608.6255274652613,sell
1791363528742,ETH,2608.5,2608.6,185.6677,102.0061,0.09999999999990905,2608.55,0.2908210619110951,2608.564541053095,holder
1791363534145,ETH,2608.5,2608.6,150.846,115.4805,0.09999999999990905,2608.55,0.13279001526322012,2608.556639500763,holder
1791363539537,ETH,2608.5,2608.6,184.0628,118.7794,0.09999999999990905,2608.55,0.21556903232112307,2608.560778451616,holder
1791363544947,ETH,2608.5,2608.6,132.1175,124.7139,0.09999999999990905,2608.55,0.028826693309307237,2608.5514413346646,holder
1791363550385,ETH,2608.5,2608.6,166.951,128.2233,0.09999999999990905,2608.55,0.13120281813152432,2608.556560140906,holder
1791363555303,ETH,2608.5,2608.6,98.7713,145.7162,0.09999999999990905,2608.55,-0.1920134976225778,2608.540399325119,holder
1791363560736,ETH,2608.5,2608.6,147.2639,121.7551,0.09999999999990905,2608.55,0.09482155535482627,2608.5547410777676,holder
1791363566170,ETH,2608.5,2608.6,133.6128,134.893,0.09999999999990905,2608.55,-0.0047678672118069984,2608.549761606639,holder
1791363571551,ETH,2608.5,2608.6,176.2792,86.4705,0.09999999999990905,2608.55,0.3418032446849606,2608.567090162234,buy
1791363577015,ETH,2608.5,2608.6,175.3733,100.9449,0.09999999999990905,2608.55,0.26935757398535454,2608.563467878699,holder
1791363582235,ETH,2608.5,2608.6,172.611,70.7881,0.09999999999990905,2608.55,0.41833720831342436,2608.570916860416,buy
1791363587566,ETH,2608.5,2608.6,158.9918,62.9607,0.09999999999990905,2608.55,0.4326650972618015,2608.571633254863,buy
1791363593004,ETH,2608.5,2608.6,111.3487,76.0463,0.09999999999990905,2608.55,0.18838496224552415,2608.5594192481126,holder
1791363598387,ETH,2608.5,2608.6,124.3984,61.3642,0.09999999999990905,2608.55,0.33932664594487805,2608.5669663322974,buy
1791363603451,ETH,2609.1,2609.2,70.6404,129.497,0.09999999999990905,2609.1499999999996,-0.29408096637609965,2609.1352959516807,holder
1791363608907,ETH,2609.1,2609.2,160.7025,43.4855,0.09999999999990905,2609.1499999999996,0.5740640977922307,2609.1787032048896,buy
1791363614363,ETH,2609.1,2609.2,224.0071,22.6015,0.09999999999990905,2609.1499999999996,0.8167014451239737,2609.190835072256,buy
1791363619451,ETH,2609.2,2609.3,342.7097,52.2865,0.1000000000003638,2609.25,0.7352556809407281,2609.286762784047,buy
1791363624741,ETH,2609.2,2609.3,357.3896,65.8854,0.1000000000003638,2609.25,0.6886874963085464,2609.2844343748156,buy
1791363630074,ETH,2609.2,2609.3,2.9871,260.0001,0.1000000000003638,2609.25,-0.9772833050429831,2609.2011358347477,sell
1791363635533,ETH,2609.1,2609.2,20.0,324.2675,0.09999999999990905,2609.1499999999996,-0.8838112804723072,2609.1058094359764,sell
1791363640886,ETH,2609.1,2609.2,21.009,332.7086,0.09999999999990905,2609.1499999999996,-0.8812103214541769,2609.1059394839267,sell
1791363646299,ETH,2609.1,2609.2,21.009,322.8988,0.09999999999990905,2609.1499999999996,-0.8778219045918702,2609.1061089047703,sell
1791363651659,ETH,2609.1,2609.2,21.105,319.1043,0.09999999999990905,2609.1499999999996,-0.875929317628883,2609.1062035341183,sell
1791363657057,ETH,2609.0,2609.1,56.2741,185.9829,0.09999999999990905,2609.05,-0.5354181716111402,2609.0232290914196,sell
1791363662450,ETH,2609.0,2609.1,57.7201,187.321,0.09999999999990905,2609.05,-0.5288945405485039,2609.0235552729723,sell
1791363667838,ETH,2609.2,2609.3,462.0151,27.1544,0.1000000000003638,2609.25,0.8889775425491573,2609.2944488771277,buy
1791363673172,ETH,2609.3,2609.4,323.1751,24.3876,0.09999999999990905,2609.3500000000004,0.8596650331005024,2609.392983251655,buy
1791363678611,ETH,2609.3,2609.4,354.3672,20.4097,0.09999999999990905,2609.3500000000004,0.8910834685915808,2609.3945541734297,buy
1791363684160,ETH,2609.3,2609.4,42.3993,172.3223,0.09999999999990905,2609.3500000000004,-0.6050765270005439,2609.31974617365,sell
1791363689444,ETH,2609.0,2609.1,20.0077,390.7185,0.09999999999990905,2609.05,-0.9025740262004226,2609.0048712986904,sell
1791363694823,ETH,2609.0,2609.1,20.0,287.2751,0.09999999999990905,2609.05,-0.8698234904162426,2609.006508825479,sell
1791363700224,ETH,2609.0,2609.1,44.8728,253.4887,0.09999999999990905,2609.05,-0.6992051588425451,2609.015039742058,sell
1791363705631,ETH,2609.3,2609.4,282.0215,0.3059,0.09999999999990905,2609.3500000000004,0.9978330123112386,2609.3998916506157,buy
1791363710989,ETH,2609.3,2609.4,310.9429,0.7603,0.09999999999990905,2609.3500000000004,0.9951216413562647,2609.3997560820685,buy
1791363716456,ETH,2609.9,2610.0,142.9179,128.3631,0.09999999999990905,2609.95,0.053652117177391705,2609.9526826058586,holder
1791363721938,ETH,2609.5,2609.6,24.3017,320.5735,0.09999999999990905,2609.55,-0.8590695996696777,2609.507046520017,sell
1791363727331,ETH,2609.5,2609.6,29.6288,347.5943,0.09999999999990905,2609.55,-0.8429109988227126,2609.507854450059,sell
1791363732381,ETH,2609.5,2609.6,1.536,449.3846,0.09999999999990905,2609.55,-0.9931872706636157,2609.5003406364663,sell
1791363737385,ETH,2609.5,2609.6,39.6781,278.5584,0.09999999999990905,2609.55,-0.7506376547001995,2609.512468117265,sell
1791363742913,ETH,2609.5,2609.6,59.5986,273.9698,0.09999999999990905,2609.55,-0.6426603958888193,2609.517866980206,sell
1791363748299,ETH,2609.9,2610.0,157.8477,7.8964,0.09999999999990905,2609.95,0.9047157636380421,2609.995235788182,buy
1791363753698,ETH,2609.9,2610.0,266.9341,0.9638,0.09999999999990905,2609.95,0.9928047215002432,2609.9996402360753,buy
1791363759059,ETH,2609.9,2610.0,299.1015,0.9674,0.09999999999990905,2609.95,0.9935521475234521,2609.9996776073763,buy
1791363764470,ETH,2609.9,2610.0,131.7188,45.818,0.09999999999990905,2609.95,0.4838478557684942,2609.9741923927886,buy
1791363769947,ETH,2609.9,2610.0,133.7886,57.5422,0.09999999999990905,2609.95,0.39850562481315077,2609.9699252812406,buy
1791363775329,ETH,2609.9,2610.0,63.3984,130.69,0.09999999999990905,2609.95,-0.34670593399708577,2609.9326647033004,sell
1791363780782,ETH,2609.9,2610.0,63.6304,114.2063,0.09999999999990905,2609.95,-0.28439517827310107,2609.9357802410864,holder
1791363786270,ETH,2609.9,2610.0,5.1122,243.9502,0.09999999999990905,2609.95,-0.9589484402302395,2609.9020525779883,sell
1791363791677,ETH,2609.9,2610.0,2.1521,243.9665,0.09999999999990905,2609.95,-0.9825116833916657,2609.900874415831,sell
1791363797068,ETH,2609.9,2610.0,1.3765,264.9768,0.09999999999990905,2609.95,-0.9896641040302484,2609.9005167947985,sell
1791363802193,ETH,2609.9,2610.0,14.7493,215.5666,0.09999999999990905,2609.95,-0.8719211309336437,2609.906403943453,sell
1791363807707,ETH,2609.3,2609.4,78.9747,182.8676,0.09999999999990905,2609.3500000000004,-0.3967766094324714,2609.3301611695283,sell
1791363813115,ETH,2609.3,2609.4,66.1521,171.7748,0.09999999999990905,2609.3500000000004,-0.4439292068278114,2609.327803539659,sell
1791363818504,ETH,2609.3,2609.4,78.7218,159.7911,0.09999999999990905,2609.3500000000004,-0.3398948232988656,2609.3330052588353,sell
1791363823900,ETH,2609.3,2609.4,65.78,173.4948,0.09999999999990905,2609.3500000000004,-0.4501719362005527,2609.3274914031904,sell
1791363829255,ETH,2609.3,2609.4,33.8748,173.4903,0.09999999999990905,2609.3500000000004,-0.6732834985250653,2609.316335825074,sell
1791363834627,ETH,2609.3,2609.4,33.6545,169.8502,0.09999999999990905,2609.3500000000004,-0.6692508821663578,2609.3165374558916,sell
1791363840107,ETH,2609.3,2609.4,31.9263,182.4725,0.09999999999990905,2609.3500000000004,-0.7021783704013269,2609.31489108148,sell
1791363845516,ETH,2609.3,2609.4,50.4138,182.4725,0.09999999999990905,2609.3500000000004,-0.5670522482430267,2609.321647387588,sell
1791363850824,ETH,2609.3,2609.4,0.0039,245.9882,0.09999999999990905,2609.3500000000004,-0.9999682916646512,2609.300001585417,sell
1791363856295,ETH,2609.0,2609.1,0.0077,230.2827,0.09999999999990905,2609.05,-0.9999331279115412,2609.0000033436045,sell
1791363861582,ETH,2608.8,2608.9,20.0077,269.4088,0.09999999999990905,2608.8500000000004,-0.8617376687231032,2608.806913116564,sell
1791363866945,ETH,2608.8,2608.9,20.0077,274.2257,0.09999999999990905,2608.8500000000004,-0.8640011637020134,2608.806799941815,sell
1791363872293,ETH,2608.9,2609.0,428.1335,0.3938,0.09999999999990905,2608.95,0.9981620774219052,2608.9999081038713,buy
1791363877716,ETH,2609.0,2609.1,426.9284,0.0077,0.09999999999990905,2609.05,0.999963929028255,2609.0999981964515,buy
1791363883081,ETH,2609.0,2609.1,426.4531,0.3951,0.09999999999990905,2609.05,0.998148756396302,2609.0999074378196,buy
1791363888496,ETH,2609.7,2609.8,212.6497,110.7821,0.1000000000003638,2609.75,0.31495851675685566,2609.765747925838,buy
1791363894151,ETH,2609.7,2609.8,177.2148,134.3906,0.1000000000003638,2609.75,0.13743086608897018,2609.7568715433044,holder
1791363899468,ETH,2609.7,2609.8,177.2166,111.1705,0.1000000000003638,2609.75,0.22901891242708147,2609.761450945621,holder
1791363904781,ETH,2609.8,2609.9,1034.1601,88.8181,0.09999999999990905,2609.8500000000004,0.8418168758752397,2609.892090843794,buy
1791363910218,ETH,2610.0,2610.1,34.2261,362.9425,0.09999999999990905,2610.05,-0.8276495171068409,2610.008617524145,sell
1791363915239,ETH,2609.8,2609.9,25.5958,288.4725,0.09999999999990905,2609.8500000000004,-0.8370048807854852,2609.808149755961,sell
1791363920243,ETH,2609.8,2609.9,57.5194,212.7512,0.09999999999990905,2609.8500000000004,-0.5743569592845097,2609.821282152036,sell
1791363925648,ETH,2609.8,2609.9,59.215,198.1971,0.09999999999990905,2609.8500000000004,-0.5399206175622668,2609.8230039691225,sell
1791363931117,ETH,2609.8,2609.9,63.5127,205.8602,0.09999999999990905,2609.8500000000004,-0.5284403145231016,2609.823577984274,sell
1791363936468,ETH,2609.8,2609.9,62.9973,210.1372,0.09999999999990905,2609.8500000000004,-0.5387085849645504,2609.823064570752,sell
1791363941883,ETH,2609.8,2609.9,71.4186,165.2381,0.09999999999990905,2609.8500000000004,-0.39643711756311995,2609.830178144122,sell
1791363947272,ETH,2609.8,2609.9,129.1111,170.8461,0.09999999999990905,2609.8500000000004,-0.13913651680973158,2609.84304317416,holder
1791363952719,ETH,2609.8,2609.9,140.5543,149.809,0.09999999999990905,2609.8500000000004,-0.03187282965856906,2609.8484063585174,holder
1791363958086,ETH,2610.2,2610.3,169.408,63.1029,0.1000000000003638,2610.25,0.45720480201143254,2610.2728602401003,buy
1791363963615,ETH,2610.2,2610.3,20.8734,182.8977,0.1000000000003638,2610.25,-0.79512894615576,2610.210243552692,sell
1791363968939,ETH,2610.2,2610.3,18.3489,183.74,0.1000000000003638,2610.25,-0.8184076413895072,2610.20907961793,sell
1791363974390,ETH,2609.7,2609.8,64.1953,145.9489,0.1000000000003638,2609.75,-0.3890357192822833,2609.7305482140355,sell
1791363979818,ETH,2609.7,2609.8,88.4515,209.5811,0.1000000000003638,2609.75,-0.40643070590264285,2609.7296784647046,sell
1791363985227,ETH,2609.6,2609.7,1.7892,132.3524,0.09999999999990905,2609.6499999999996,-0.9733237116599177,2609.6013338144166,sell
1791363990678,ETH,2608.8,2608.9,206.333,32.0513,0.09999999999990905,2608.8500000000004,0.7310955461412517,2608.886554777307,buy
1791363996050,ETH,2609.0,2609.1,445.0239,0.3922,0.09999999999990905,2609.05,0.9982389500514238,2609.0999119475027,buy
1791364001419,ETH,2609.0,2609.1,207.4284,111.9524,0.09999999999990905,2609.05,0.2989409507396813,2609.064947047537,holder
1791364006849,ETH,2609.0,2609.1,152.2359,135.2952,0.09999999999990905,2609.05,0.0589178005440107,2609.052945890027,holder
1791364012373,ETH,2609.2,2609.3,186.6802,42.8271,0.1000000000003638,2609.25,0.6267909561046642,2609.2813395478056,buy
1791364017759,ETH,2609.2,2609.3,201.4648,52.5092,0.1000000000003638,2609.25,0.5864994054509517,2609.279324970273,buy
1791364023140,ETH,2609.2,2609.3,148.2992,95.3527,0.1000000000003638,2609.25,0.217303866704918,2609.2608651933356,holder
1791364028547,ETH,2609.2,2609.3,129.2777,95.5665,0.1000000000003638,2609.25,0.1499313747030166,2609.2574965687354,holder
1791364033984,ETH,2609.0,2609.1,0.0069,299.412,0.09999999999990905,2609.05,-0.9999539107250747,2609.000002304464,sell
1791364039448,ETH,2608.2,2608.3,13.4325,265.9476,0.1000000000003638,2608.25,-0.9038406815660814,2608.204807965921,sell
1791364044828,ETH,2608.2,2608.3,142.3079,151.8785,0.1000000000003638,2608.25,-0.0325324352179435,2608.248373378239,holder
1791364050280,ETH,2608.2,2608.3,6.817,258.2675,0.1000000000003638,2608.25,-0.948567343620619,2608.202571632819,sell
1791364055744,ETH,2608.2,2608.3,198.843,98.5899,0.1000000000003638,2608.25,0.33706123297052876,2608.2668530616484,buy
1791364061183,ETH,2606.6,2607.3,0.6353,54.5538,0.7000000000002728,2606.95,-0.9769773379163639,2606.608057931729,sell
1791364066566,ETH,2606.7,2606.8,340.8825,24.5126,0.1000000000003638,2606.75,0.8658296184048444,2606.7932914809203,buy
1791364071987,ETH,2606.7,2606.8,18.1594,214.0248,0.1000000000003638,2606.75,-0.8435776422340537,2606.7078211178878,sell
1791364077363,ETH,2606.5,2606.6,4.3163,261.2574,0.09999999999990905,2606.55,-0.9674945222362002,2606.501625273888,sell
1791364082705,ETH,2606.5,2606.6,276.8506,23.3509,0.09999999999990905,2606.55,0.8444318232920222,2606.592221591164,buy
1791364088108,ETH,2607.0,2607.1,216.4547,116.0199,0.09999999999990905,2607.05,0.3020826252591927,2607.065104131263,buy
1791364093507,ETH,2607.3,2607.4,323.645,7.905,0.09999999999990905,2607.3500000000004,0.9523148846327856,2607.397615744232,buy
1791364098846,ETH,2607.3,2607.4,221.4472,41.5467,0.09999999999990905,2607.3500000000004,0.6840481851480207,2607.384202409258,buy
1791364104218,ETH,2607.3,2607.4,334.2274,1.5333,0.09999999999990905,2607.3500000000004,0.9908667095344988,2607.3995433354767,buy
